email,display_name,manager_email,department,deleted_at
oscar.sato@acme.com,Oscar Sato,fatima.qureshi@acme.com,Operations,2026-04-14T09:00:00Z
mira.kaur@acme.com,Mira Kaur,liam.rao@acme.com,Product,
amara.rossi@acme.com,Amara Rossi,idris.natarajan@acme.com,Operations,
tariq.rahman@acme.com,Tariq Rahman,rafael.grant@acme.com,Sales,
maya.murphy@acquired.io,Maya Murphy,omar.rossi@acquired.io,Product,
Leila.Whitfield@Acme.com,Leila Whitfield,sana.kim@acme.com,Sales,
ava.natarajan@acquired.io,Ava Natarajan,omar.rossi@acquired.io,Product,
maya.lind@acme.com,Maya Lind,ava.nilsson@acme.com,Finance,
idris.natarajan@acme.com,Idris Natarajan,dana.whitfield@acme.com,Operations,
hannah.nwosu@acme.com,Hannah Nwosu,tomas.fonseca@acme.com,Legal,
zoe.kim@acme.com,Zoe Kim,maya.laurent@acme.com,Operations,
jordan.rao@acme.com,Jordan Rao,nia.duarte@acme.com,Finance,
ava.novak@acme.com,Ava Novak,nia.duarte@acme.com,Finance,
Bruno.Marin@Acme.com,Bruno Marin,fatima.qureshi@acme.com,Operations,
ingrid.murphy@northwind.co,Ingrid Murphy,hannah.weber@northwind.co,Support,
omar.nilsson@acme.com,Omar Nilsson,elise.costa@acme.com,Support,
lena.bell@acme.com,Lena Bell,elise.duarte@acme.com,Support,
rafael.duarte@acme.com,Rafael Duarte,idris.natarajan@acme.com,Operations,
bruno.zhang@acme.com,Bruno Zhang,idris.saleh@acme.com,Product,
aisha.volkov@acme.com,Aisha Volkov,nia.duarte@acme.com,Finance,2026-04-25T09:00:00Z
Sana.Aziz@Acme.com,Sana Aziz,wei.tanaka@acme.com,Legal,
sana.weber@acquired.io,Sana Weber,omar.rossi@acquired.io,Product,
hannah.weber@northwind.co,Hannah Weber,dana.kaur@northwind.co,Support,
ingrid.iyer@acme.com,Ingrid Iyer,dana.whitfield@acme.com,Support,
omar.murphy@acme.com,Omar Murphy,nadia.sokolova@acme.com,Finance,
diego.holm@acquired.io,Diego Holm,omar.rossi@acquired.io,Product,
nadia.silva@northwind.co,Nadia Silva,hannah.weber@northwind.co,Support,
bruno.clarke@acme.com,Bruno Clarke,fatima.qureshi@acme.com,Operations,
kenji.grant@acme.com,Kenji Grant,ingrid.iyer@acme.com,Support,
elise.moreno@acme.com,Elise Moreno,dana.adeyemi@acme.com,Finance,
nadia.doyle@acme.com,Nadia Doyle,jordan.duarte@acme.com,Engineering,
felix.ferreira@acme.com,Felix Ferreira,amara.moreno@acme.com,Engineering,
yuki.nilsson@acquired.io,Yuki Nilsson,omar.rossi@acquired.io,Product,
lena.levin@acme.com,Lena Levin,maya.laurent@acme.com,Operations,
samir.duarte@acme.com,Samir Duarte,rafael.grant@acme.com,Sales,
fatima.qureshi@acme.com,Fatima Qureshi,maya.laurent@acme.com,Operations,
jordan.delgado@acme.com,Jordan Delgado,elise.duarte@acme.com,Support,
samir.farouk@acme.com,Samir Farouk,idris.natarajan@acme.com,Operations,
dana.lind@acquired.io,Dana Lind,omar.rossi@acquired.io,Product,
jordan.laurent@acme.com,Jordan Laurent,elise.reyes@acme.com,Legal,
idris.saleh@acme.com,Idris Saleh,liam.rao@acme.com,Product,
hannah.costa@acquired.io,Hannah Costa,omar.rossi@acquired.io,Product,
rafael.marin@acme.com,Rafael Marin,liam.rao@acme.com,Product,
rafael.hart@acme.com,Rafael Hart,kwame.kaur@acme.com,Legal,
omar.kim@acme.com,Omar Kim,elena.bakr@acme.com,Sales,
amara.kim@acquired.io,Amara Kim,omar.rossi@acquired.io,Product,
samir.karimi@acquired.io,Samir Karimi,omar.rossi@acquired.io,Product,
Victor.Levin@Acme.com,Victor Levin,amara.moreno@acme.com,Engineering,
liam.rao@acme.com,Liam Rao,dana.whitfield@acme.com,Product,
sana.doyle@acme.com,Sana Doyle,priya.aziz@acme.com,Sales,
ethan.iyer@acquired.io,Ethan Iyer,omar.rossi@acquired.io,Product,
sana.haddad@acme.com,Sana Haddad,ava.nilsson@acme.com,Finance,
arjun.lind@acme.com,Arjun Lind,jonas.fischer@acme.com,Product,
dana.whitfield@acme.com,Dana Whitfield,dana.whitfield@acme.com,Operations,
andre.levin@northwind.co,Andre Levin,hannah.weber@northwind.co,Support,
hannah.clarke@acme.com,Hannah Clarke,ingrid.iyer@acme.com,Support,
rosa.nilsson@acme.com,Rosa Nilsson,priya.aziz@acme.com,Sales,
Zoe.Aziz@Acme.com,Zoe Aziz,mira.doyle@acme.com,Legal,
Elena.Iyer@Northwind.co,Elena Iyer,hannah.weber@northwind.co,Support,
elena.aziz@acme.com,Elena Aziz,keira.petrova@acme.com,Product,
Grace.Duarte@Acme.com,Grace Duarte,elise.costa@acme.com,Support,
felix.zhang@acme.com,Felix Zhang,jordan.laurent@acme.com,Legal,
Kenji.Lind@Acme.com,Kenji Lind,fatima.sato@acme.com,Legal,
tomas.fonseca@acme.com,Tomas Fonseca,wei.tanaka@acme.com,Legal,2026-04-21T09:00:00Z
jane.doe@acme.com,Jane Doe,amara.moreno@acme.com,Engineering,
lucas.natarajan@northwind.co,Lucas Natarajan,hannah.weber@northwind.co,Support,
aisha.petrova@northwind.co,Aisha Petrova,hannah.weber@northwind.co,Support,
maya.laurent@acme.com,Maya Laurent,idris.natarajan@acme.com,Operations,
nia.laurent@acquired.io,Nia Laurent,omar.rossi@acquired.io,Product,
kenji.rossi@acme.com,Kenji Rossi,tomas.murphy@acme.com,Legal,
sana.kim@acme.com,Sana Kim,priya.aziz@acme.com,Sales,
tariq.brooks@acme.com,Tariq Brooks,fatima.sato@acme.com,Legal,
nia.duarte@acme.com,Nia Duarte,ava.nilsson@acme.com,Finance,
kwame.levin@acme.com,Kwame Levin,amara.moreno@acme.com,Engineering,
sana.marin@acme.com,Sana Marin,dana.adeyemi@acme.com,Finance,
marcus.byrne@acme.com,Marcus Byrne,wei.tanaka@acme.com,Legal,
jordan.duarte@acme.com,Jordan Duarte,amara.moreno@acme.com,Engineering,
Fatima.Nwosu@Acme.com,Fatima Nwosu,fatima.fischer@acme.com,Product,
nadia.sato@acme.com,Nadia Sato,amara.moreno@acme.com,Engineering,
Fatima.Moreno@Acme.com,Fatima Moreno,wei.laurent@acme.com,Sales,
lucas.grant@acquired.io,Lucas Grant,omar.rossi@acquired.io,Product,
rafael.mensah@acme.com,Rafael Mensah,elise.duarte@acme.com,Support,
amara.bakr@acme.com,Amara Bakr,amara.moreno@acme.com,Engineering,
liam.hart@acme.com,Liam Hart,elise.reyes@acme.com,Legal,
priya.sato@acquired.io,Priya Sato,omar.rossi@acquired.io,Product,
camila.bell@acme.com,Camila Bell,maya.laurent@acme.com,Operations,2026-06-15T09:00:00Z
elena.rao@acme.com,Elena Rao,ingrid.iyer@acme.com,Support,
talia.moreno@acme.com,Talia Moreno,amara.moreno@acme.com,Engineering,
jordan.moreno@acme.com,Jordan Moreno,dana.adeyemi@acme.com,Finance,
chloe.natarajan@acme.com,Chloe Natarajan,wei.laurent@acme.com,Sales,
noah.duarte@acme.com,Noah Duarte,liam.rao@acme.com,Product,
kenji.brooks@northwind.co,Kenji Brooks,hannah.weber@northwind.co,Support,
mira.marin@acme.com,Mira Marin,amara.moreno@acme.com,Engineering,
samir.reyes@acme.com,Samir Reyes,ava.nilsson@acme.com,Finance,
felix.duarte@acme.com,Felix Duarte,keira.petrova@acme.com,Product,
noah.mehta@acme.com,Noah Mehta,sana.kim@acme.com,Sales,2026-06-11T09:00:00Z
lucas.nwosu@acquired.io,Lucas Nwosu,omar.rossi@acquired.io,Product,
Kwame.Aziz@Acme.com,Kwame Aziz,maya.laurent@acme.com,Operations,
elise.reyes@acme.com,Elise Reyes,board.observer@acme.com,Legal,
dana.doyle@acme.com,Dana Doyle,amara.moreno@acme.com,Engineering,
Arjun.Natarajan@Acquired.io,Arjun Natarajan,omar.rossi@acquired.io,Product,
yuki.mehta@acquired.io,Yuki Mehta,omar.rossi@acquired.io,Product,
ethan.costa@acme.com,Ethan Costa,keira.petrova@acme.com,Product,
jordan.nilsson@acme.com,Jordan Nilsson,idris.natarajan@acme.com,Operations,
nadia.mensah@acme.com,Nadia Mensah,idris.natarajan@acme.com,Operations,
diego.fonseca@acquired.io,Diego Fonseca,omar.rossi@acquired.io,Product,
jordan.bell@acme.com,Jordan Bell,liam.rao@acme.com,Product,
noah.nilsson@northwind.co,Noah Nilsson,hannah.weber@northwind.co,Support,
zoe.karimi@northwind.co,Zoe Karimi,hannah.weber@northwind.co,Support,
talia.adeyemi@acme.com,Talia Adeyemi,idris.natarajan@acme.com,Operations,
omar.rossi@acquired.io,Omar Rossi,liam.rao@acme.com,Product,
grace.alvarez@acme.com,Grace Alvarez,nadia.sokolova@acme.com,Finance,
kwame.kaur@acme.com,Kwame Kaur,fatima.sato@acme.com,Legal,
jordan.nwosu@acme.com,Jordan Nwosu,jordan.bell@acme.com,Product,
tomas.rahman@acme.com,Tomas Rahman,rafael.grant@acme.com,Sales,
elise.bell@acme.com,Elise Bell,jordan.laurent@acme.com,Legal,
nadia.sokolova@acme.com,Nadia Sokolova,dana.whitfield@acme.com,Finance,
wei.laurent@acme.com,Wei Laurent,priya.aziz@acme.com,Sales,
dana.adeyemi@acme.com,Dana Adeyemi,nadia.sokolova@acme.com,Finance,
kwame.weber@northwind.co,Kwame Weber,hannah.weber@northwind.co,Support,
Anya.Zhang@Acme.com,Anya Zhang,amara.moreno@acme.com,Engineering,
lucas.nilsson@acme.com,Lucas Nilsson,ava.nilsson@acme.com,Finance,
dana.kaur@northwind.co,Dana Kaur,oscar.silva@northwind.co,Support,
kwame.karimi@acquired.io,Kwame Karimi,omar.rossi@acquired.io,Product,
kenji.weber@acme.com,Kenji Weber,rafael.grant@acme.com,Sales,
Ethan.Petrova@Acme.com,Ethan Petrova,amara.moreno@acme.com,Engineering,
iris.okafor@acme.com,Iris Okafor,rafael.grant@acme.com,Sales,
lucas.holm@acme.com,Lucas Holm,ingrid.iyer@acme.com,Support,
nia.ferreira@acme.com,Nia Ferreira,lena.bell@acme.com,Support,
leila.haddad@acme.com,Leila Haddad,ingrid.iyer@acme.com,Support,
tariq.saleh@acquired.io,Tariq Saleh,omar.rossi@acquired.io,Product,
aisha.laurent@northwind.co,Aisha Laurent,hannah.weber@northwind.co,Support,
fatima.sato@acme.com,Fatima Sato,elise.reyes@acme.com,Legal,
felix.doyle@acme.com,Felix Doyle,keira.petrova@acme.com,Product,
victor.karimi@acme.com,Victor Karimi,liam.rao@acme.com,Product,2026-06-11T09:00:00Z
idris.costa@acquired.io,Idris Costa,omar.rossi@acquired.io,Product,
noah.farouk@acme.com,Noah Farouk,maya.lind@acme.com,Finance,
omar.berg@acme.com,Omar Berg,maya.lind@acme.com,Finance,
rafael.grant@acme.com,Rafael Grant,priya.aziz@acme.com,Sales,
priya.fonseca@acme.com,Priya Fonseca,ingrid.iyer@acme.com,Support,
liam.natarajan@acme.com,Liam Natarajan,elise.duarte@acme.com,Support,
dana.hart@acme.com,Dana Hart,amara.moreno@acme.com,Engineering,
camila.novak@acme.com,Camila Novak,nia.duarte@acme.com,Finance,2026-05-19T09:00:00Z
arjun.duarte@acme.com,Arjun Duarte,dana.adeyemi@acme.com,Finance,
ava.nilsson@acme.com,Ava Nilsson,dana.adeyemi@acme.com,Finance,
kenji.duarte@acme.com,Kenji Duarte,idris.natarajan@acme.com,Operations,
jonas.fischer@acme.com,Jonas Fischer,liam.rao@acme.com,Product,
Keira.Silva@Acme.com,Keira Silva,wei.laurent@acme.com,Sales,
arjun.sato@acme.com,Arjun Sato,tomas.murphy@acme.com,Legal,
elise.costa@acme.com,Elise Costa,ingrid.iyer@acme.com,Support,
aisha.nilsson@acquired.io,Aisha Nilsson,omar.rossi@acquired.io,Product,
lena.okafor@acme.com,Lena Okafor,nadia.sokolova@acme.com,Finance,
camila.aziz@acme.com,Camila Aziz,amara.moreno@acme.com,Engineering,
rosa.brooks@acme.com,Rosa Brooks,lena.bell@acme.com,Support,2026-06-15T09:00:00Z
grace.costa@northwind.co,Grace Costa,hannah.weber@northwind.co,Support,
omar.brooks@acme.com,Omar Brooks,amara.moreno@acme.com,Engineering,2026-06-15T09:00:00Z
victor.nwosu@acquired.io,Victor Nwosu,omar.rossi@acquired.io,Product,
hannah.bakr@acme.com,Hannah Bakr,nadia.sokolova@acme.com,Finance,
diego.whitfield@acme.com,Diego Whitfield,rafael.grant@acme.com,Sales,
wei.tanaka@acme.com,Wei Tanaka,elise.reyes@acme.com,Legal,
liam.doyle@acme.com,Liam Doyle,maya.lind@acme.com,Finance,
fatima.bakr@acquired.io,Fatima Bakr,omar.rossi@acquired.io,Product,
elise.haddad@acme.com,Elise Haddad,idris.natarajan@acme.com,Operations,
dana.berg@acme.com,Dana Berg,idris.saleh@acme.com,Product,
lucas.sato@acme.com,Lucas Sato,lena.bell@acme.com,Support,
lena.fonseca@acme.com,Lena Fonseca,sana.costa@acme.com,Product,
marcus.kim@northwind.co,Marcus Kim,hannah.weber@northwind.co,Support,
Hugo.Weber@Acme.com,Hugo Weber,elise.costa@acme.com,Support,
tomas.murphy@acme.com,Tomas Murphy,elise.reyes@acme.com,Legal,
alex.tran@acme.com,Alex Tran,priya.aziz@acme.com,Sales,
idris.fonseca@acquired.io,Idris Fonseca,omar.rossi@acquired.io,Product,
lucas.berg@acme.com,Lucas Berg,idris.natarajan@acme.com,Operations,
ravi.tanaka@northwind.co,Ravi Tanaka,hannah.weber@northwind.co,Support,
Nia.Weber@Acme.com,Nia Weber,wei.tanaka@acme.com,Legal,
elena.bakr@acme.com,Elena Bakr,rafael.grant@acme.com,Sales,
mateo.sokolova@acme.com,Mateo Sokolova,idris.saleh@acme.com,Product,2026-05-13T09:00:00Z
ingrid.mehta@acquired.io,Ingrid Mehta,omar.rossi@acquired.io,Product,
felix.tanaka@acme.com,Felix Tanaka,ava.nilsson@acme.com,Finance,
camila.qureshi@northwind.co,Camila Qureshi,hannah.weber@northwind.co,Support,
rafael.okafor@acme.com,Rafael Okafor,wei.laurent@acme.com,Sales,
kwame.bakr@acme.com,Kwame Bakr,idris.natarajan@acme.com,Operations,
Elise.Holm@Acme.com,Elise Holm,sana.kim@acme.com,Sales,
anya.reyes@acme.com,Anya Reyes,nadia.sokolova@acme.com,Finance,
felix.nwosu@acme.com,Felix Nwosu,fatima.sato@acme.com,Legal,
tomas.holm@acme.com,Tomas Holm,maya.laurent@acme.com,Operations,2026-06-21T09:00:00Z
keira.petrova@acme.com,Keira Petrova,liam.rao@acme.com,Product,
kwame.zhang@acme.com,Kwame Zhang,priya.aziz@acme.com,Sales,
fatima.fischer@acme.com,Fatima Fischer,liam.rao@acme.com,Product,2026-07-10T09:00:00Z
wei.delgado@acquired.io,Wei Delgado,omar.rossi@acquired.io,Product,
marcus.tanaka@acme.com,Marcus Tanaka,rafael.grant@acme.com,Sales,
oscar.mensah@acme.com,Oscar Mensah,amara.moreno@acme.com,Engineering,
kwame.costa@acme.com,Kwame Costa,amara.moreno@acme.com,Engineering,2026-05-26T09:00:00Z
elena.fischer@acme.com,Elena Fischer,ingrid.iyer@acme.com,Support,
kenji.moreno@acme.com,Kenji Moreno,priya.aziz@acme.com,Sales,
dana.laurent@northwind.co,Dana Laurent,hannah.weber@northwind.co,Support,
maya.moreno@acme.com,Maya Moreno,priya.aziz@acme.com,Sales,
noah.kaur@acquired.io,Noah Kaur,omar.rossi@acquired.io,Product,
grace.bakr@acme.com,Grace Bakr,priya.aziz@acme.com,Sales,
ava.qureshi@acme.com,Ava Qureshi,fatima.sato@acme.com,Legal,
amara.moreno@acme.com,Amara Moreno,dana.whitfield@acme.com,Engineering,
anya.fischer@acquired.io,Anya Fischer,omar.rossi@acquired.io,Product,
lucas.farouk@northwind.co,Lucas Farouk,hannah.weber@northwind.co,Support,
priya.fischer@acme.com,Priya Fischer,dana.adeyemi@acme.com,Finance,
liam.reyes@acme.com,Liam Reyes,nadia.sokolova@acme.com,Finance,
rafael.novak@acme.com,Rafael Novak,idris.saleh@acme.com,Product,
chloe.murphy@acquired.io,Chloe Murphy,omar.rossi@acquired.io,Product,
zoe.petrova@acme.com,Zoe Petrova,nadia.sokolova@acme.com,Finance,
Grace.Whitfield@Acme.com,Grace Whitfield,amara.moreno@acme.com,Engineering,
Noah.Saleh@Acme.com,Noah Saleh,liam.doyle@acme.com,Finance,
elena.delgado@northwind.co,Elena Delgado,hannah.weber@northwind.co,Support,
keira.delgado@acquired.io,Keira Delgado,omar.rossi@acquired.io,Product,
mateo.volkov@acme.com,Mateo Volkov,elise.reyes@acme.com,Legal,2026-06-22T09:00:00Z
ravi.vogel@acme.com,Ravi Vogel,maya.lind@acme.com,Finance,
leila.vogel@acme.com,Leila Vogel,fatima.fischer@acme.com,Product,
Ava.Whitfield@Acme.com,Ava Whitfield,idris.natarajan@acme.com,Operations,
arjun.rahman@acme.com,Arjun Rahman,amara.moreno@acme.com,Engineering,
felix.dubois@acquired.io,Felix Dubois,omar.rossi@acquired.io,Product,
oscar.silva@northwind.co,Oscar Silva,hannah.weber@northwind.co,Support,
sana.costa@acme.com,Sana Costa,bruno.zhang@acme.com,Product,
alex.tran@acquired.io,Alex Tran,omar.rossi@acquired.io,Product,
andre.vogel@northwind.co,Andre Vogel,hannah.weber@northwind.co,Support,
grace.karimi@acme.com,Grace Karimi,ingrid.iyer@acme.com,Support,
mira.doyle@acme.com,Mira Doyle,tomas.murphy@acme.com,Legal,
aisha.rossi@acme.com,Aisha Rossi,elise.reyes@acme.com,Legal,
priya.aziz@acme.com,Priya Aziz,dana.whitfield@acme.com,Sales,
dana.murphy@northwind.co,Dana Murphy,hannah.weber@northwind.co,Support,
andre.byrne@acme.com,Andre Byrne,ava.nilsson@acme.com,Finance,
talia.duarte@acme.com,Talia Duarte,amara.moreno@acme.com,Engineering,
victor.alvarez@acme.com,Victor Alvarez,sana.kim@acme.com,Sales,
elise.duarte@acme.com,Elise Duarte,ingrid.iyer@acme.com,Support,
noah.fischer@acme.com,Noah Fischer,dana.adeyemi@acme.com,Finance,
oscar.karimi@acme.com,Oscar Karimi,fatima.fischer@acme.com,Product,
ravi.zhang@acme.com,Ravi Zhang,nadia.sokolova@acme.com,Finance,
sana.murphy@northwind.co,Sana Murphy,hannah.weber@northwind.co,Support,
andre.murphy@acquired.io,Andre Murphy,omar.rossi@acquired.io,Product,
elise.rossi@acme.com,Elise Rossi,elise.costa@acme.com,Support,
yuki.tanaka@acme.com,Yuki Tanaka,dana.adeyemi@acme.com,Finance,
ingrid.okafor@acme.com,Ingrid Okafor,priya.aziz@acme.com,Sales,
idris.murphy@acme.com,Idris Murphy,elise.costa@acme.com,Support,
rafael.fonseca@acquired.io,Rafael Fonseca,omar.rossi@acquired.io,Product,
maya.doyle@acme.com,Maya Doyle,jordan.nilsson@acme.com,Operations,2026-04-21T09:00:00Z
sofia.fischer@acme.com,Sofia Fischer,liam.doyle@acme.com,Finance,
victor.novak@acme.com,Victor Novak,sana.costa@acme.com,Product,
camila.laurent@acme.com,Camila Laurent,rafael.grant@acme.com,Sales,
iris.bakr@acme.com,Iris Bakr,liam.rao@acme.com,Product,
ravi.rahman@acme.com,Ravi Rahman,amara.moreno@acme.com,Engineering,
chloe.iyer@acme.com,Chloe Iyer,priya.aziz@acme.com,Sales,
